id;jobId;campaignId;storeId;storeInstanceId;customerId;phoneNumber;scheduledAt;sendAt;status;message;response;createdAt;createdBy;updatedAt;updatedBy
1;1;3;CANNOLI_STORE_01;WHATSAPP_INSTANCE_01;514;2174567548;2025-03-01T10:00:00;2025-03-01T10:29:00;4;Sentimos sua falta! Volte e ganhe 10% OFF.;;2025-03-01T10:00:00;isantos;2025-03-01T10:00:00;isantos
2;2;3;CANNOLI_STORE_01;WHATSAPP_INSTANCE_01;515;6169299684;2025-03-01T10:00:00;2025-03-01T10:48:00;4;Sentimos sua falta! Volte e ganhe 10% OFF.;;2025-03-01T10:00:00;stephany47;2025-03-01T10:00:00;stephany47
3;3;3;CANNOLI_STORE_01;WHATSAPP_INSTANCE_01;1027;6144492365;2025-03-01T10:00:00;2025-03-01T11:00:00;4;Sentimos sua falta! Volte e ganhe 10% OFF.;;2025-03-01T10:00:00;joao-miguelsales;2025-03-01T10:00:00;joao-miguelsales
4;4;3;CANNOLI_STORE_01;WHATSAPP_INSTANCE_01;517;557126368499;2025-03-01T10:00:00;2025-03-01T10:31:00;4;Sentimos sua falta! Volte e ganhe 10% OFF.;;2025-03-01T10:00:00;kamillydias;2025-03-01T10:00:00;kamillydias
5;5;3;CANNOLI_STORE_01;WHATSAPP_INSTANCE_01;9;552113491745;2025-03-01T10:00:00;2025-03-01T10:39:00;4;Sentimos sua falta! Volte e ganhe 10% OFF.;;2025-03-01T10:00:00;omelo;2025-03-01T10:00:00;omelo
6;6;3;CANNOLI_STORE_01;WHATSAPP_INSTANCE_01;524;5002061038;2025-03-01T10:00:00;2025-03-01T10:36:00;4;Sentimos sua falta! Volte e ganhe 10% OFF.;;2025-03-01T10:00:00;leo87;2025-03-01T10:00:00;leo87
7;7;3;CANNOLI_STORE_01;WHATSAPP_INSTANCE_01;1036;1112435115;2025-03-01T10:00:00;2025-03-01T10:25:00;4;Sentimos sua falta! Volte e ganhe 10% OFF.;;2025-03-01T10:00:00;maria-cecilia72;2025-03-01T10:00:00;maria-cecilia72
8;8;3;CANNOLI_STORE_01;WHATSAPP_INSTANCE_01;526;3179715326;2025-03-01T10:00:00;2025-03-01T10:13:00;4;Sentimos sua falta! Volte e ganhe 10% OFF.;;2025-03-01T10:00:00;ysousa;2025-03-01T10:00:00;ysousa
9;9;3;CANNOLI_STORE_01;WHATSAPP_INSTANCE_01;535;5508475375754;2025-03-01T10:00:00;2025-03-01T10:44:00;4;Sentimos sua falta! Volte e ganhe 10% OFF.;;2025-03-01T10:00:00;npacheco;2025-03-01T10:00:00;npacheco
10;10;3;CANNOLI_STORE_01;WHATSAPP_INSTANCE_01;26;2100885263;2025-03-01T10:00:00;2025-03-01T10:21:00;4;Sentimos sua falta! Volte e ganhe 10% OFF.;;2025-03-01T10:00:00;erick58;2025-03-01T10:00:00;erick58
11;11;3;CANNOLI_STORE_01;WHATSAPP_INSTANCE_01;27;7120215255;2025-03-01T10:00:00;2025-03-01T10:01:00;4;Sentimos sua falta! Volte e ganhe 10% OFF.;;2025-03-01T10:00:00;marceladas-neves;2025-03-01T10:00:00;marceladas-neves
12;12;3;CANNOLI_STORE_01;WHATSAPP_INSTANCE_01;539;5003314398;2025-03-01T10:00:00;2025-03-01T10:56:00;4;Sentimos sua falta! Volte e ganhe 10% OFF.;;2025-03-01T10:00:00;yfarias;2025-03-01T10:00:00;yfarias
13;13;3;CANNOLI_STORE_01;WHATSAPP_INSTANCE_01;540;4195542964;2025-03-01T10:00:00;2025-03-01T10:18:00;4;Sentimos sua falta! Volte e ganhe 10% OFF.;;2025-03-01T10:00:00;fogacaana-laura;2025-03-01T10:00:00;fogacaana-laura
14;14;3;CANNOLI_STORE_01;WHATSAPP_INSTANCE_01;542;5501177570177;2025-03-01T10:00:00;2025-03-01T10:58:00;4;Sentimos sua falta! Volte e ganhe 10% OFF.;;2025-03-01T10:00:00;isadoramacedo;2025-03-01T10:00:00;isadoramacedo
15;15;3;CANNOLI_STORE_01;WHATSAPP_INSTANCE_01;543;4113719110;2025-03-01T10:00:00;2025-03-01T10:42:00;4;Sentimos sua falta! Volte e ganhe 10% OFF.;;2025-03-01T10:00:00;anthony-gabriel02;2025-03-01T10:00:00;anthony-gabriel02
16;16;3;CANNOLI_STORE_01;WHATSAPP_INSTANCE_01;544;8143939156;2025-03-01T10:00:00;2025-03-01T10:48:00;4;Sentimos sua falta! Volte e ganhe 10% OFF.;;2025-03-01T10:00:00;bernardo81;2025-03-01T10:00:00;bernardo81
17;17;3;CANNOLI_STORE_01;WHATSAPP_INSTANCE_01;1058;558147141151;2025-03-01T10:00:00;2025-03-01T10:30:00;4;Sentimos sua falta! Volte e ganhe 10% OFF.;;2025-03-01T10:00:00;ecunha;2025-03-01T10:00:00;ecunha
18;18;3;CANNOLI_STORE_01;WHATSAPP_INSTANCE_01;1059;553111650868;2025-03-01T10:00:00;2025-03-01T10:27:00;4;Sentimos sua falta! Volte e ganhe 10% OFF.;;2025-03-01T10:00:00;caldeiratheodoro;2025-03-01T10:00:00;caldeiratheodoro
19;19;3;CANNOLI_STORE_01;WHATSAPP_INSTANCE_01;1061;6133866781;2025-03-01T10:00:00;2025-03-01T10:34:00;4;Sentimos sua falta! Volte e ganhe 10% OFF.;;2025-03-01T10:00:00;lfogaca;2025-03-01T10:00:00;lfogaca
20;20;3;CANNOLI_STORE_01;WHATSAPP_INSTANCE_01;41;5506177431995;2025-03-01T10:00:00;2025-03-01T10:56:00;4;Sentimos sua falta! Volte e ganhe 10% OFF.;;2025-03-01T10:00:00;fsiqueira;2025-03-01T10:00:00;fsiqueira
21;21;3;CANNOLI_STORE_01;WHATSAPP_INSTANCE_01;553;8406472169;2025-03-01T10:00:00;2025-03-01T10:23:00;4;Sentimos sua falta! Volte e ganhe 10% OFF.;;2025-03-01T10:00:00;nlopes;2025-03-01T10:00:00;nlopes
22;22;3;CANNOLI_STORE_01;WHATSAPP_INSTANCE_01;1066;7158715790;2025-03-01T10:00:00;2025-03-01T10:08:00;4;Sentimos sua falta! Volte e ganhe 10% OFF.;;2025-03-01T10:00:00;uda-mota;2025-03-01T10:00:00;uda-mota
23;23;3;CANNOLI_STORE_01;WHATSAPP_INSTANCE_01;556;5508117420545;2025-03-01T10:00:00;2025-03-01T10:31:00;4;Sentimos sua falta! Volte e ganhe 10% OFF.;;2025-03-01T10:00:00;ayla86;2025-03-01T10:00:00;ayla86
24;24;3;CANNOLI_STORE_01;WHATSAPP_INSTANCE_01;1068;6195804179;2025-03-01T10:00:00;2025-03-01T10:55:00;4;Sentimos sua falta! Volte e ganhe 10% OFF.;;2025-03-01T10:00:00;jandrade;2025-03-01T10:00:00;jandrade
25;25;3;CANNOLI_STORE_01;WHATSAPP_INSTANCE_01;559;5508499862902;2025-03-01T10:00:00;2025-03-01T10:37:00;4;Sentimos sua falta! Volte e ganhe 10% OFF.;;2025-03-01T10:00:00;antony67;2025-03-01T10:00:00;antony67
26;26;3;CANNOLI_STORE_01;WHATSAPP_INSTANCE_01;1072;9007828693;2025-03-01T10:00:00;2025-03-01T10:13:00;4;Sentimos sua falta! Volte e ganhe 10% OFF.;;2025-03-01T10:00:00;rpacheco;2025-03-01T10:00:00;rpacheco
27;27;3;CANNOLI_STORE_01;WHATSAPP_INSTANCE_01;1074;5150406840;2025-03-01T10:00:00;2025-03-01T10:29:00;4;Sentimos sua falta! Volte e ganhe 10% OFF.;;2025-03-01T10:00:00;yanjesus;2025-03-01T10:00:00;yanjesus
28;28;3;CANNOLI_STORE_01;WHATSAPP_INSTANCE_01;563;7100358236;2025-03-01T10:00:00;2025-03-01T10:23:00;4;Sentimos sua falta! Volte e ganhe 10% OFF.;;2025-03-01T10:00:00;joao-miguel22;2025-03-01T10:00:00;joao-miguel22
29;29;3;CANNOLI_STORE_01;WHATSAPP_INSTANCE_01;53;5195474642;2025-03-01T10:00:00;2025-03-01T10:45:00;4;Sentimos sua falta! Volte e ganhe 10% OFF.;;2025-03-01T10:00:00;maria-juliasilva;2025-03-01T10:00:00;maria-juliasilva
30;30;3;CANNOLI_STORE_01;WHATSAPP_INSTANCE_01;55;5503110259545;2025-03-01T10:00:00;2025-03-01T10:33:00;4;Sentimos sua falta! Volte e ganhe 10% OFF.;;2025-03-01T10:00:00;josuecamargo;2025-03-01T10:00:00;josuecamargo
31;31;3;CANNOLI_STORE_01;WHATSAPP_INSTANCE_01;570;1195062950;2025-03-01T10:00:00;2025-03-01T10:41:00;4;Sentimos sua falta! Volte e ganhe 10% OFF.;;2025-03-01T10:00:00;diasbryan;2025-03-01T10:00:00;diasbryan
32;32;3;CANNOLI_STORE_01;WHATSAPP_INSTANCE_01;59;556159544251;2025-03-01T10:00:00;2025-03-01T10:44:00;4;Sentimos sua falta! Volte e ganhe 10% OFF.;;2025-03-01T10:00:00;elisa20;2025-03-01T10:00:00;elisa20
33;33;3;CANNOLI_STORE_01;WHATSAPP_INSTANCE_01;571;555184144144;2025-03-01T10:00:00;2025-03-01T10:46:00;4;Sentimos sua falta! Volte e ganhe 10% OFF.;;2025-03-01T10:00:00;fcosta;2025-03-01T10:00:00;fcosta
34;34;3;CANNOLI_STORE_01;WHATSAPP_INSTANCE_01;61;2150245394;2025-03-01T10:00:00;2025-03-01T10:20:00;4;Sentimos sua falta! Volte e ganhe 10% OFF.;;2025-03-01T10:00:00;hpimenta;2025-03-01T10:00:00;hpimenta
35;35;3;CANNOLI_STORE_01;WHATSAPP_INSTANCE_01;1083;552155998398;2025-03-01T10:00:00;2025-03-01T10:05:00;4;Sentimos sua falta! Volte e ganhe 10% OFF.;;2025-03-01T10:00:00;maria-cecilia73;2025-03-01T10:00:00;maria-cecilia73
36;36;3;CANNOLI_STORE_01;WHATSAPP_INSTANCE_01;576;552119623836;2025-03-01T10:00:00;2025-03-01T11:00:00;4;Sentimos sua falta! Volte e ganhe 10% OFF.;;2025-03-01T10:00:00;npacheco;2025-03-01T10:00:00;npacheco
37;37;3;CANNOLI_STORE_01;WHATSAPP_INSTANCE_01;1092;554181520135;2025-03-01T10:00:00;2025-03-01T10:11:00;4;Sentimos sua falta! Volte e ganhe 10% OFF.;;2025-03-01T10:00:00;augusto82;2025-03-01T10:00:00;augusto82
38;38;3;CANNOLI_STORE_01;WHATSAPP_INSTANCE_01;69;2101505011;2025-03-01T10:00:00;2025-03-01T10:40:00;4;Sentimos sua falta! Volte e ganhe 10% OFF.;;2025-03-01T10:00:00;anna-liz03;2025-03-01T10:00:00;anna-liz03
39;39;3;CANNOLI_STORE_01;WHATSAPP_INSTANCE_01;583;555134655472;2025-03-01T10:00:00;2025-03-01T10:01:00;4;Sentimos sua falta! Volte e ganhe 10% OFF.;;2025-03-01T10:00:00;fleao;2025-03-01T10:00:00;fleao
40;40;3;CANNOLI_STORE_01;WHATSAPP_INSTANCE_01;1095;5161313668;2025-03-01T10:00:00;2025-03-01T10:35:00;4;Sentimos sua falta! Volte e ganhe 10% OFF.;;2025-03-01T10:00:00;costelaisaac;2025-03-01T10:00:00;costelaisaac
41;41;3;CANNOLI_STORE_01;WHATSAPP_INSTANCE_01;1096;555151075121;2025-03-01T10:00:00;2025-03-01T10:12:00;4;Sentimos sua falta! Volte e ganhe 10% OFF.;;2025-03-01T10:00:00;mporto;2025-03-01T10:00:00;mporto
42;42;3;CANNOLI_STORE_01;WHATSAPP_INSTANCE_01;1098;5508111535189;2025-03-01T10:00:00;2025-03-01T10:53:00;4;Sentimos sua falta! Volte e ganhe 10% OFF.;;2025-03-01T10:00:00;costanathan;2025-03-01T10:00:00;costanathan
43;43;3;CANNOLI_STORE_01;WHATSAPP_INSTANCE_01;1099;5501130973303;2025-03-01T10:00:00;2025-03-01T10:05:00;4;Sentimos sua falta! Volte e ganhe 10% OFF.;;2025-03-01T10:00:00;amandacastro;2025-03-01T10:00:00;amandacastro
44;44;3;CANNOLI_STORE_01;WHATSAPP_INSTANCE_01;1100;551147024869;2025-03-01T10:00:00;2025-03-01T10:39:00;4;Sentimos sua falta! Volte e ganhe 10% OFF.;;2025-03-01T10:00:00;nuneshenry;2025-03-01T10:00:00;nuneshenry
45;45;3;CANNOLI_STORE_01;WHATSAPP_INSTANCE_01;589;5508195433539;2025-03-01T10:00:00;2025-03-01T10:47:00;4;Sentimos sua falta! Volte e ganhe 10% OFF.;;2025-03-01T10:00:00;znovais;2025-03-01T10:00:00;znovais
46;46;3;CANNOLI_STORE_01;WHATSAPP_INSTANCE_01;591;551150604877;2025-03-01T10:00:00;2025-03-01T10:10:00;4;Sentimos sua falta! Volte e ganhe 10% OFF.;;2025-03-01T10:00:00;antoniosouza;2025-03-01T10:00:00;antoniosouza
47;47;3;CANNOLI_STORE_01;WHATSAPP_INSTANCE_01;592;8400858010;2025-03-01T10:00:00;2025-03-01T10:15:00;4;Sentimos sua falta! Volte e ganhe 10% OFF.;;2025-03-01T10:00:00;asafebrito;2025-03-01T10:00:00;asafebrito
48;48;3;CANNOLI_STORE_01;WHATSAPP_INSTANCE_01;1104;7170499768;2025-03-01T10:00:00;2025-03-01T10:23:00;4;Sentimos sua falta! Volte e ganhe 10% OFF.;;2025-03-01T10:00:00;ester08;2025-03-01T10:00:00;ester08
49;49;3;CANNOLI_STORE_01;WHATSAPP_INSTANCE_01;1105;7184434333;2025-03-01T10:00:00;2025-03-01T10:53:00;4;Sentimos sua falta! Volte e ganhe 10% OFF.;;2025-03-01T10:00:00;yaraujo;2025-03-01T10:00:00;yaraujo
50;50;3;CANNOLI_STORE_01;WHATSAPP_INSTANCE_01;1106;554130936239;2025-03-01T10:00:00;2025-03-01T10:06:00;4;Sentimos sua falta! Volte e ganhe 10% OFF.;;2025-03-01T10:00:00;joao-guilhermeda-costa;2025-03-01T10:00:00;joao-guilhermeda-costa
51;51;3;CANNOLI_STORE_01;WHATSAPP_INSTANCE_01;88;555197690824;2025-03-01T10:00:00;2025-03-01T10:20:00;4;Sentimos sua falta! Volte e ganhe 10% OFF.;;2025-03-01T10:00:00;cauada-luz;2025-03-01T10:00:00;cauada-luz
52;52;3;CANNOLI_STORE_01;WHATSAPP_INSTANCE_01;89;4169966819;2025-03-01T10:00:00;2025-03-01T10:19:00;4;Sentimos sua falta! Volte e ganhe 10% OFF.;;2025-03-01T10:00:00;mariah53;2025-03-01T10:00:00;mariah53
53;53;3;CANNOLI_STORE_01;WHATSAPP_INSTANCE_01;1113;8007106312;2025-03-01T10:00:00;2025-03-01T10:20:00;4;Sentimos sua falta! Volte e ganhe 10% OFF.;;2025-03-01T10:00:00;costajoao-guilherme;2025-03-01T10:00:00;costajoao-guilherme
54;54;3;CANNOLI_STORE_01;WHATSAPP_INSTANCE_01;94;5508130061315;2025-03-01T10:00:00;2025-03-01T10:09:00;4;Sentimos sua falta! Volte e ganhe 10% OFF.;;2025-03-01T10:00:00;oliveiraayla;2025-03-01T10:00:00;oliveiraayla
55;55;3;CANNOLI_STORE_01;WHATSAPP_INSTANCE_01;1118;7120489095;2025-03-01T10:00:00;2025-03-01T10:24:00;4;Sentimos sua falta! Volte e ganhe 10% OFF.;;2025-03-01T10:00:00;andradeleonardo;2025-03-01T10:00:00;andradeleonardo
56;56;3;CANNOLI_STORE_01;WHATSAPP_INSTANCE_01;101;2123407385;2025-03-01T10:00:00;2025-03-01T10:18:00;4;Sentimos sua falta! Volte e ganhe 10% OFF.;;2025-03-01T10:00:00;rodrigueslucas-gabriel;2025-03-01T10:00:00;rodrigueslucas-gabriel
57;57;3;CANNOLI_STORE_01;WHATSAPP_INSTANCE_01;614;4135144460;2025-03-01T10:00:00;2025-03-01T10:58:00;4;Sentimos sua falta! Volte e ganhe 10% OFF.;;2025-03-01T10:00:00;luiz-henrique47;2025-03-01T10:00:00;luiz-henrique47
58;58;3;CANNOLI_STORE_01;WHATSAPP_INSTANCE_01;1126;555135064031;2025-03-01T10:00:00;2025-03-01T10:36:00;4;Sentimos sua falta! Volte e ganhe 10% OFF.;;2025-03-01T10:00:00;goncalvesjosue;2025-03-01T10:00:00;goncalvesjosue
59;59;3;CANNOLI_STORE_01;WHATSAPP_INSTANCE_01;1132;6112803802;2025-03-01T10:00:00;2025-03-01T11:00:00;4;Sentimos sua falta! Volte e ganhe 10% OFF.;;2025-03-01T10:00:00;da-matamatheus;2025-03-01T10:00:00;da-matamatheus
60;60;3;CANNOLI_STORE_01;WHATSAPP_INSTANCE_01;622;3124239473;2025-03-01T10:00:00;2025-03-01T10:47:00;4;Sentimos sua falta! Volte e ganhe 10% OFF.;;2025-03-01T10:00:00;ana-beatriz23;2025-03-01T10:00:00;ana-beatriz23
61;61;3;CANNOLI_STORE_01;WHATSAPP_INSTANCE_01;124;8183193121;2025-03-01T10:00:00;2025-03-01T10:07:00;4;Sentimos sua falta! Volte e ganhe 10% OFF.;;2025-03-01T10:00:00;vitoria11;2025-03-01T10:00:00;vitoria11
62;62;3;CANNOLI_STORE_01;WHATSAPP_INSTANCE_01;636;557163990589;2025-03-01T10:00:00;2025-03-01T10:40:00;4;Sentimos sua falta! Volte e ganhe 10% OFF.;;2025-03-01T10:00:00;anthony-gabrielda-mata;2025-03-01T10:00:00;anthony-gabrielda-mata
63;63;3;CANNOLI_STORE_01;WHATSAPP_INSTANCE_01;130;5506146013713;2025-03-01T10:00:00;2025-03-01T10:56:00;4;Sentimos sua falta! Volte e ganhe 10% OFF.;;2025-03-01T10:00:00;guerranicolas;2025-03-01T10:00:00;guerranicolas
64;64;3;CANNOLI_STORE_01;WHATSAPP_INSTANCE_01;1154;7177504277;2025-03-01T10:00:00;2025-03-01T10:56:00;4;Sentimos sua falta! Volte e ganhe 10% OFF.;;2025-03-01T10:00:00;luigi31;2025-03-01T10:00:00;luigi31
65;65;3;CANNOLI_STORE_01;WHATSAPP_INSTANCE_01;1155;558195989822;2025-03-01T10:00:00;2025-03-01T10:44:00;4;Sentimos sua falta! Volte e ganhe 10% OFF.;;2025-03-01T10:00:00;jalmeida;2025-03-01T10:00:00;jalmeida
66;66;3;CANNOLI_STORE_01;WHATSAPP_INSTANCE_01;1159;557119555560;2025-03-01T10:00:00;2025-03-01T10:58:00;4;Sentimos sua falta! Volte e ganhe 10% OFF.;;2025-03-01T10:00:00;hrios;2025-03-01T10:00:00;hrios
67;67;3;CANNOLI_STORE_01;WHATSAPP_INSTANCE_01;648;555155713310;2025-03-01T10:00:00;2025-03-01T10:39:00;4;Sentimos sua falta! Volte e ganhe 10% OFF.;;2025-03-01T10:00:00;da-pazoliver;2025-03-01T10:00:00;da-pazoliver
68;68;3;CANNOLI_STORE_01;WHATSAPP_INSTANCE_01;1161;5169547307;2025-03-01T10:00:00;2025-03-01T10:45:00;4;Sentimos sua falta! Volte e ganhe 10% OFF.;;2025-03-01T10:00:00;murilo66;2025-03-01T10:00:00;murilo66
69;69;3;CANNOLI_STORE_01;WHATSAPP_INSTANCE_01;653;8000903079;2025-03-01T10:00:00;2025-03-01T10:56:00;4;Sentimos sua falta! Volte e ganhe 10% OFF.;;2025-03-01T10:00:00;albuquerquemaria-fernanda;2025-03-01T10:00:00;albuquerquemaria-fernanda
70;70;3;CANNOLI_STORE_01;WHATSAPP_INSTANCE_01;143;2185405198;2025-03-01T10:00:00;2025-03-01T10:09:00;4;Sentimos sua falta! Volte e ganhe 10% OFF.;;2025-03-01T10:00:00;clararios;2025-03-01T10:00:00;clararios
71;71;3;CANNOLI_STORE_01;WHATSAPP_INSTANCE_01;656;5165144748;2025-03-01T10:00:00;2025-03-01T10:09:00;4;Sentimos sua falta! Volte e ganhe 10% OFF.;;2025-03-01T10:00:00;pietra48;2025-03-01T10:00:00;pietra48
72;72;3;CANNOLI_STORE_01;WHATSAPP_INSTANCE_01;658;4199477478;2025-03-01T10:00:00;2025-03-01T10:17:00;4;Sentimos sua falta! Volte e ganhe 10% OFF.;;2025-03-01T10:00:00;vitor-gabriel86;2025-03-01T10:00:00;vitor-gabriel86
73;73;3;CANNOLI_STORE_01;WHATSAPP_INSTANCE_01;148;8189298084;2025-03-01T10:00:00;2025-03-01T10:08:00;4;Sentimos sua falta! Volte e ganhe 10% OFF.;;2025-03-01T10:00:00;opimenta;2025-03-01T10:00:00;opimenta
74;74;3;CANNOLI_STORE_01;WHATSAPP_INSTANCE_01;149;558418716403;2025-03-01T10:00:00;2025-03-01T10:54:00;4;Sentimos sua falta! Volte e ganhe 10% OFF.;;2025-03-01T10:00:00;cardososarah;2025-03-01T10:00:00;cardososarah
75;75;3;CANNOLI_STORE_01;WHATSAPP_INSTANCE_01;150;558144962337;2025-03-01T10:00:00;2025-03-01T10:37:00;4;Sentimos sua falta! Volte e ganhe 10% OFF.;;2025-03-01T10:00:00;pcostela;2025-03-01T10:00:00;pcostela
76;76;3;CANNOLI_STORE_01;WHATSAPP_INSTANCE_01;660;5009154120;2025-03-01T10:00:00;2025-03-01T10:15:00;4;Sentimos sua falta! Volte e ganhe 10% OFF.;;2025-03-01T10:00:00;silveiranicolas;2025-03-01T10:00:00;silveiranicolas
77;77;3;CANNOLI_STORE_01;WHATSAPP_INSTANCE_01;152;8189648908;2025-03-01T10:00:00;2025-03-01T10:19:00;4;Sentimos sua falta! Volte e ganhe 10% OFF.;;2025-03-01T10:00:00;aborges;2025-03-01T10:00:00;aborges
78;78;3;CANNOLI_STORE_01;WHATSAPP_INSTANCE_01;665;2121360033;2025-03-01T10:00:00;2025-03-01T10:58:00;4;Sentimos sua falta! Volte e ganhe 10% OFF.;;2025-03-01T10:00:00;henrymendonca;2025-03-01T10:00:00;henrymendonca
79;79;3;CANNOLI_STORE_01;WHATSAPP_INSTANCE_01;1172;1169051169;2025-03-01T10:00:00;2025-03-01T10:22:00;4;Sentimos sua falta! Volte e ganhe 10% OFF.;;2025-03-01T10:00:00;paulosilva;2025-03-01T10:00:00;paulosilva
80;80;3;CANNOLI_STORE_01;WHATSAPP_INSTANCE_01;668;6192393140;2025-03-01T10:00:00;2025-03-01T10:13:00;4;Sentimos sua falta! Volte e ganhe 10% OFF.;;2025-03-01T10:00:00;guilhermemendonca;2025-03-01T10:00:00;guilhermemendonca
81;81;3;CANNOLI_STORE_01;WHATSAPP_INSTANCE_01;1181;4167165914;2025-03-01T10:00:00;2025-03-01T10:02:00;4;Sentimos sua falta! Volte e ganhe 10% OFF.;;2025-03-01T10:00:00;liz94;2025-03-01T10:00:00;liz94
82;82;3;CANNOLI_STORE_01;WHATSAPP_INSTANCE_01;160;558169721373;2025-03-01T10:00:00;2025-03-01T10:51:00;4;Sentimos sua falta! Volte e ganhe 10% OFF.;;2025-03-01T10:00:00;felipe62;2025-03-01T10:00:00;felipe62
83;83;3;CANNOLI_STORE_01;WHATSAPP_INSTANCE_01;672;2129002696;2025-03-01T10:00:00;2025-03-01T10:31:00;4;Sentimos sua falta! Volte e ganhe 10% OFF.;;2025-03-01T10:00:00;rebeca75;2025-03-01T10:00:00;rebeca75
84;84;3;CANNOLI_STORE_01;WHATSAPP_INSTANCE_01;675;5503103136993;2025-03-01T10:00:00;2025-03-01T10:02:00;4;Sentimos sua falta! Volte e ganhe 10% OFF.;;2025-03-01T10:00:00;costelaravi;2025-03-01T10:00:00;costelaravi
85;85;3;CANNOLI_STORE_01;WHATSAPP_INSTANCE_01;676;5504147409966;2025-03-01T10:00:00;2025-03-01T10:55:00;4;Sentimos sua falta! Volte e ganhe 10% OFF.;;2025-03-01T10:00:00;theodoro17;2025-03-01T10:00:00;theodoro17
86;86;3;CANNOLI_STORE_01;WHATSAPP_INSTANCE_01;1190;4197025486;2025-03-01T10:00:00;2025-03-01T10:31:00;4;Sentimos sua falta! Volte e ganhe 10% OFF.;;2025-03-01T10:00:00;macedomaria-alice;2025-03-01T10:00:00;macedomaria-alice
87;87;3;CANNOLI_STORE_01;WHATSAPP_INSTANCE_01;679;5506153956002;2025-03-01T10:00:00;2025-03-01T10:09:00;4;Sentimos sua falta! Volte e ganhe 10% OFF.;;2025-03-01T10:00:00;carolinarios;2025-03-01T10:00:00;carolinarios
88;88;3;CANNOLI_STORE_01;WHATSAPP_INSTANCE_01;1192;3000358603;2025-03-01T10:00:00;2025-03-01T10:36:00;4;Sentimos sua falta! Volte e ganhe 10% OFF.;;2025-03-01T10:00:00;milenacorreia;2025-03-01T10:00:00;milenacorreia
89;89;3;CANNOLI_STORE_01;WHATSAPP_INSTANCE_01;169;8421854188;2025-03-01T10:00:00;2025-03-01T10:06:00;4;Sentimos sua falta! Volte e ganhe 10% OFF.;;2025-03-01T10:00:00;bsampaio;2025-03-01T10:00:00;bsampaio
90;90;3;CANNOLI_STORE_01;WHATSAPP_INSTANCE_01;681;4179024581;2025-03-01T10:00:00;2025-03-01T10:59:00;4;Sentimos sua falta! Volte e ganhe 10% OFF.;;2025-03-01T10:00:00;nascimentoesther;2025-03-01T10:00:00;nascimentoesther
91;91;3;CANNOLI_STORE_01;WHATSAPP_INSTANCE_01;171;5506124332334;2025-03-01T10:00:00;2025-03-01T10:57:00;4;Sentimos sua falta! Volte e ganhe 10% OFF.;;2025-03-01T10:00:00;qsantos;2025-03-01T10:00:00;qsantos
92;92;3;CANNOLI_STORE_01;WHATSAPP_INSTANCE_01;172;3005313261;2025-03-01T10:00:00;2025-03-01T10:02:00;4;Sentimos sua falta! Volte e ganhe 10% OFF.;;2025-03-01T10:00:00;qcosta;2025-03-01T10:00:00;qcosta
93;93;3;CANNOLI_STORE_01;WHATSAPP_INSTANCE_01;1193;8173772575;2025-03-01T10:00:00;2025-03-01T10:51:00;4;Sentimos sua falta! Volte e ganhe 10% OFF.;;2025-03-01T10:00:00;marianacamara;2025-03-01T10:00:00;marianacamara
94;94;3;CANNOLI_STORE_01;WHATSAPP_INSTANCE_01;1195;8111657800;2025-03-01T10:00:00;2025-03-01T10:12:00;4;Sentimos sua falta! Volte e ganhe 10% OFF.;;2025-03-01T10:00:00;clara79;2025-03-01T10:00:00;clara79
95;95;3;CANNOLI_STORE_01;WHATSAPP_INSTANCE_01;176;7176829066;2025-03-01T10:00:00;2025-03-01T10:50:00;4;Sentimos sua falta! Volte e ganhe 10% OFF.;;2025-03-01T10:00:00;rodrigo35;2025-03-01T10:00:00;rodrigo35
96;96;3;CANNOLI_STORE_01;WHATSAPP_INSTANCE_01;177;3179938728;2025-03-01T10:00:00;2025-03-01T10:07:00;4;Sentimos sua falta! Volte e ganhe 10% OFF.;;2025-03-01T10:00:00;vieiraester;2025-03-01T10:00:00;vieiraester
97;97;3;CANNOLI_STORE_01;WHATSAPP_INSTANCE_01;179;5002703480;2025-03-01T10:00:00;2025-03-01T10:18:00;4;Sentimos sua falta! Volte e ganhe 10% OFF.;;2025-03-01T10:00:00;marialima;2025-03-01T10:00:00;marialima
98;98;3;CANNOLI_STORE_01;WHATSAPP_INSTANCE_01;181;9006404280;2025-03-01T10:00:00;2025-03-01T10:16:00;4;Sentimos sua falta! Volte e ganhe 10% OFF.;;2025-03-01T10:00:00;ravi-lucca11;2025-03-01T10:00:00;ravi-lucca11
99;99;3;CANNOLI_STORE_01;WHATSAPP_INSTANCE_01;1207;555160571756;2025-03-01T10:00:00;2025-03-01T10:30:00;4;Sentimos sua falta! Volte e ganhe 10% OFF.;;2025-03-01T10:00:00;pachecobryan;2025-03-01T10:00:00;pachecobryan
100;100;3;CANNOLI_STORE_01;WHATSAPP_INSTANCE_01;697;555102442021;2025-03-01T10:00:00;2025-03-01T10:30:00;4;Sentimos sua falta! Volte e ganhe 10% OFF.;;2025-03-01T10:00:00;azevedocamila;2025-03-01T10:00:00;azevedocamila
101;101;3;CANNOLI_STORE_01;WHATSAPP_INSTANCE_01;188;5507183222283;2025-03-01T10:00:00;2025-03-01T10:52:00;4;Sentimos sua falta! Volte e ganhe 10% OFF.;;2025-03-01T10:00:00;zpimenta;2025-03-01T10:00:00;zpimenta
102;102;3;CANNOLI_STORE_01;WHATSAPP_INSTANCE_01;700;2142396950;2025-03-01T10:00:00;2025-03-01T10:05:00;4;Sentimos sua falta! Volte e ganhe 10% OFF.;;2025-03-01T10:00:00;da-rochapedro;2025-03-01T10:00:00;da-rochapedro
103;103;3;CANNOLI_STORE_01;WHATSAPP_INSTANCE_01;190;5501130175829;2025-03-01T10:00:00;2025-03-01T10:20:00;4;Sentimos sua falta! Volte e ganhe 10% OFF.;;2025-03-01T10:00:00;maria-luiza94;2025-03-01T10:00:00;maria-luiza94
104;104;3;CANNOLI_STORE_01;WHATSAPP_INSTANCE_01;702;1137310012;2025-03-01T10:00:00;2025-03-01T10:58:00;4;Sentimos sua falta! Volte e ganhe 10% OFF.;;2025-03-01T10:00:00;renan47;2025-03-01T10:00:00;renan47
105;105;3;CANNOLI_STORE_01;WHATSAPP_INSTANCE_01;192;8009205323;2025-03-01T10:00:00;2025-03-01T10:08:00;4;Sentimos sua falta! Volte e ganhe 10% OFF.;;2025-03-01T10:00:00;caldeiranatalia;2025-03-01T10:00:00;caldeiranatalia
106;106;3;CANNOLI_STORE_01;WHATSAPP_INSTANCE_01;709;2188981855;2025-03-01T10:00:00;2025-03-01T10:36:00;4;Sentimos sua falta! Volte e ganhe 10% OFF.;;2025-03-01T10:00:00;alvesana-livia;2025-03-01T10:00:00;alvesana-livia
107;107;3;CANNOLI_STORE_01;WHATSAPP_INSTANCE_01;198;5508404916929;2025-03-01T10:00:00;2025-03-01T10:26:00;4;Sentimos sua falta! Volte e ganhe 10% OFF.;;2025-03-01T10:00:00;caio32;2025-03-01T10:00:00;caio32
108;108;3;CANNOLI_STORE_01;WHATSAPP_INSTANCE_01;1224;558419028088;2025-03-01T10:00:00;2025-03-01T10:30:00;4;Sentimos sua falta! Volte e ganhe 10% OFF.;;2025-03-01T10:00:00;da-rochaana-livia;2025-03-01T10:00:00;da-rochaana-livia
109;109;3;CANNOLI_STORE_01;WHATSAPP_INSTANCE_01;204;558418470009;2025-03-01T10:00:00;2025-03-01T10:54:00;4;Sentimos sua falta! Volte e ganhe 10% OFF.;;2025-03-01T10:00:00;guerraluara;2025-03-01T10:00:00;guerraluara
110;110;3;CANNOLI_STORE_01;WHATSAPP_INSTANCE_01;207;8002226045;2025-03-01T10:00:00;2025-03-01T10:34:00;4;Sentimos sua falta! Volte e ganhe 10% OFF.;;2025-03-01T10:00:00;cavalcantivitor-hugo;2025-03-01T10:00:00;cavalcantivitor-hugo
111;111;3;CANNOLI_STORE_01;WHATSAPP_INSTANCE_01;1231;554107280467;2025-03-01T10:00:00;2025-03-01T10:47:00;4;Sentimos sua falta! Volte e ganhe 10% OFF.;;2025-03-01T10:00:00;camposemanuella;2025-03-01T10:00:00;camposemanuella
112;112;3;CANNOLI_STORE_01;WHATSAPP_INSTANCE_01;212;5503111730179;2025-03-01T10:00:00;2025-03-01T10:43:00;4;Sentimos sua falta! Volte e ganhe 10% OFF.;;2025-03-01T10:00:00;luizalopes;2025-03-01T10:00:00;luizalopes
113;113;3;CANNOLI_STORE_01;WHATSAPP_INSTANCE_01;1236;1121289329;2025-03-01T10:00:00;2025-03-01T10:37:00;4;Sentimos sua falta! Volte e ganhe 10% OFF.;;2025-03-01T10:00:00;dborges;2025-03-01T10:00:00;dborges
114;114;3;CANNOLI_STORE_01;WHATSAPP_INSTANCE_01;726;557168079065;2025-03-01T10:00:00;2025-03-01T10:50:00;4;Sentimos sua falta! Volte e ganhe 10% OFF.;;2025-03-01T10:00:00;marquesanthony;2025-03-01T10:00:00;marquesanthony
115;115;3;CANNOLI_STORE_01;WHATSAPP_INSTANCE_01;215;5508158373119;2025-03-01T10:00:00;2025-03-01T10:06:00;4;Sentimos sua falta! Volte e ganhe 10% OFF.;;2025-03-01T10:00:00;camposjose-miguel;2025-03-01T10:00:00;camposjose-miguel
116;116;3;CANNOLI_STORE_01;WHATSAPP_INSTANCE_01;216;5508111701252;2025-03-01T10:00:00;2025-03-01T10:36:00;4;Sentimos sua falta! Volte e ganhe 10% OFF.;;2025-03-01T10:00:00;cavalcantiemanuella;2025-03-01T10:00:00;cavalcantiemanuella
117;117;3;CANNOLI_STORE_01;WHATSAPP_INSTANCE_01;729;8132547323;2025-03-01T10:00:00;2025-03-01T10:27:00;4;Sentimos sua falta! Volte e ganhe 10% OFF.;;2025-03-01T10:00:00;jesuspedro-miguel;2025-03-01T10:00:00;jesuspedro-miguel
118;118;3;CANNOLI_STORE_01;WHATSAPP_INSTANCE_01;1237;5507164520259;2025-03-01T10:00:00;2025-03-01T10:15:00;4;Sentimos sua falta! Volte e ganhe 10% OFF.;;2025-03-01T10:00:00;luiz-gustavoda-luz;2025-03-01T10:00:00;luiz-gustavoda-luz
119;119;3;CANNOLI_STORE_01;WHATSAPP_INSTANCE_01;1238;555128498425;2025-03-01T10:00:00;2025-03-01T10:10:00;4;Sentimos sua falta! Volte e ganhe 10% OFF.;;2025-03-01T10:00:00;cfonseca;2025-03-01T10:00:00;cfonseca
120;120;3;CANNOLI_STORE_01;WHATSAPP_INSTANCE_01;1239;558476000332;2025-03-01T10:00:00;2025-03-01T10:55:00;4;Sentimos sua falta! Volte e ganhe 10% OFF.;;2025-03-01T10:00:00;camaradavi-lucca;2025-03-01T10:00:00;camaradavi-lucca
121;121;3;CANNOLI_STORE_01;WHATSAPP_INSTANCE_01;1242;8152034295;2025-03-01T10:00:00;2025-03-01T10:20:00;4;Sentimos sua falta! Volte e ganhe 10% OFF.;;2025-03-01T10:00:00;clarabarbosa;2025-03-01T10:00:00;clarabarbosa
122;122;3;CANNOLI_STORE_01;WHATSAPP_INSTANCE_01;222;8195483763;2025-03-01T10:00:00;2025-03-01T10:19:00;4;Sentimos sua falta! Volte e ganhe 10% OFF.;;2025-03-01T10:00:00;luana24;2025-03-01T10:00:00;luana24
123;123;3;CANNOLI_STORE_01;WHATSAPP_INSTANCE_01;1250;6127625961;2025-03-01T10:00:00;2025-03-01T10:06:00;4;Sentimos sua falta! Volte e ganhe 10% OFF.;;2025-03-01T10:00:00;mendesarthur-gabriel;2025-03-01T10:00:00;mendesarthur-gabriel
124;124;3;CANNOLI_STORE_01;WHATSAPP_INSTANCE_01;739;552124898517;2025-03-01T10:00:00;2025-03-01T10:24:00;4;Sentimos sua falta! Volte e ganhe 10% OFF.;;2025-03-01T10:00:00;naragao;2025-03-01T10:00:00;naragao
125;125;3;CANNOLI_STORE_01;WHATSAPP_INSTANCE_01;1251;2103045583;2025-03-01T10:00:00;2025-03-01T10:19:00;4;Sentimos sua falta! Volte e ganhe 10% OFF.;;2025-03-01T10:00:00;rafaelalves;2025-03-01T10:00:00;rafaelalves
126;126;3;CANNOLI_STORE_01;WHATSAPP_INSTANCE_01;229;5107974296;2025-03-01T10:00:00;2025-03-01T10:19:00;4;Sentimos sua falta! Volte e ganhe 10% OFF.;;2025-03-01T10:00:00;joao-miguel79;2025-03-01T10:00:00;joao-miguel79
127;127;3;CANNOLI_STORE_01;WHATSAPP_INSTANCE_01;1253;5508157687534;2025-03-01T10:00:00;2025-03-01T10:33:00;4;Sentimos sua falta! Volte e ganhe 10% OFF.;;2025-03-01T10:00:00;tvieira;2025-03-01T10:00:00;tvieira
128;128;3;CANNOLI_STORE_01;WHATSAPP_INSTANCE_01;233;5508149140077;2025-03-01T10:00:00;2025-03-01T10:45:00;4;Sentimos sua falta! Volte e ganhe 10% OFF.;;2025-03-01T10:00:00;kaiquesilveira;2025-03-01T10:00:00;kaiquesilveira
129;129;3;CANNOLI_STORE_01;WHATSAPP_INSTANCE_01;745;3120234796;2025-03-01T10:00:00;2025-03-01T10:46:00;4;Sentimos sua falta! Volte e ganhe 10% OFF.;;2025-03-01T10:00:00;amoraes;2025-03-01T10:00:00;amoraes
130;130;3;CANNOLI_STORE_01;WHATSAPP_INSTANCE_01;1257;4113965681;2025-03-01T10:00:00;2025-03-01T10:05:00;4;Sentimos sua falta! Volte e ganhe 10% OFF.;;2025-03-01T10:00:00;frocha;2025-03-01T10:00:00;frocha
131;131;3;CANNOLI_STORE_01;WHATSAPP_INSTANCE_01;749;551125382847;2025-03-01T10:00:00;2025-03-01T10:27:00;4;Sentimos sua falta! Volte e ganhe 10% OFF.;;2025-03-01T10:00:00;fernanda75;2025-03-01T10:00:00;fernanda75
132;132;3;CANNOLI_STORE_01;WHATSAPP_INSTANCE_01;238;5505101310057;2025-03-01T10:00:00;2025-03-01T10:21:00;4;Sentimos sua falta! Volte e ganhe 10% OFF.;;2025-03-01T10:00:00;sfogaca;2025-03-01T10:00:00;sfogaca
133;133;3;CANNOLI_STORE_01;WHATSAPP_INSTANCE_01;751;5005274608;2025-03-01T10:00:00;2025-03-01T10:09:00;4;Sentimos sua falta! Volte e ganhe 10% OFF.;;2025-03-01T10:00:00;luana35;2025-03-01T10:00:00;luana35
134;134;3;CANNOLI_STORE_01;WHATSAPP_INSTANCE_01;752;3145395161;2025-03-01T10:00:00;2025-03-01T10:57:00;4;Sentimos sua falta! Volte e ganhe 10% OFF.;;2025-03-01T10:00:00;bryan85;2025-03-01T10:00:00;bryan85
135;135;3;CANNOLI_STORE_01;WHATSAPP_INSTANCE_01;1263;5508432954261;2025-03-01T10:00:00;2025-03-01T10:59:00;4;Sentimos sua falta! Volte e ganhe 10% OFF.;;2025-03-01T10:00:00;manuelaaraujo;2025-03-01T10:00:00;manuelaaraujo
136;136;3;CANNOLI_STORE_01;WHATSAPP_INSTANCE_01;244;553116291062;2025-03-01T10:00:00;2025-03-01T10:41:00;4;Sentimos sua falta! Volte e ganhe 10% OFF.;;2025-03-01T10:00:00;agatha16;2025-03-01T10:00:00;agatha16
137;137;3;CANNOLI_STORE_01;WHATSAPP_INSTANCE_01;756;5507192467463;2025-03-01T10:00:00;2025-03-01T10:36:00;4;Sentimos sua falta! Volte e ganhe 10% OFF.;;2025-03-01T10:00:00;ravi-luccavasconcelos;2025-03-01T10:00:00;ravi-luccavasconcelos
138;138;3;CANNOLI_STORE_01;WHATSAPP_INSTANCE_01;246;557195354812;2025-03-01T10:00:00;2025-03-01T10:55:00;4;Sentimos sua falta! Volte e ganhe 10% OFF.;;2025-03-01T10:00:00;duarteisis;2025-03-01T10:00:00;duarteisis
139;139;3;CANNOLI_STORE_01;WHATSAPP_INSTANCE_01;255;8129085754;2025-03-01T10:00:00;2025-03-01T10:47:00;4;Sentimos sua falta! Volte e ganhe 10% OFF.;;2025-03-01T10:00:00;das-nevespedro;2025-03-01T10:00:00;das-nevespedro
140;140;3;CANNOLI_STORE_01;WHATSAPP_INSTANCE_01;257;551182819488;2025-03-01T10:00:00;2025-03-01T10:25:00;4;Sentimos sua falta! Volte e ganhe 10% OFF.;;2025-03-01T10:00:00;qborges;2025-03-01T10:00:00;qborges
141;141;3;CANNOLI_STORE_01;WHATSAPP_INSTANCE_01;1281;9003419948;2025-03-01T10:00:00;2025-03-01T10:12:00;4;Sentimos sua falta! Volte e ganhe 10% OFF.;;2025-03-01T10:00:00;levi72;2025-03-01T10:00:00;levi72
142;142;3;CANNOLI_STORE_01;WHATSAPP_INSTANCE_01;771;5506195488764;2025-03-01T10:00:00;2025-03-01T10:55:00;4;Sentimos sua falta! Volte e ganhe 10% OFF.;;2025-03-01T10:00:00;luisalopes;2025-03-01T10:00:00;luisalopes
143;143;3;CANNOLI_STORE_01;WHATSAPP_INSTANCE_01;261;5501183810610;2025-03-01T10:00:00;2025-03-01T10:28:00;4;Sentimos sua falta! Volte e ganhe 10% OFF.;;2025-03-01T10:00:00;carlos-eduardosousa;2025-03-01T10:00:00;carlos-eduardosousa
144;144;3;CANNOLI_STORE_01;WHATSAPP_INSTANCE_01;773;5502177449467;2025-03-01T10:00:00;2025-03-01T10:23:00;4;Sentimos sua falta! Volte e ganhe 10% OFF.;;2025-03-01T10:00:00;vitorsa;2025-03-01T10:00:00;vitorsa
145;145;3;CANNOLI_STORE_01;WHATSAPP_INSTANCE_01;1285;3173946158;2025-03-01T10:00:00;2025-03-01T10:30:00;4;Sentimos sua falta! Volte e ganhe 10% OFF.;;2025-03-01T10:00:00;vrezende;2025-03-01T10:00:00;vrezende
146;146;3;CANNOLI_STORE_01;WHATSAPP_INSTANCE_01;776;5506122432068;2025-03-01T10:00:00;2025-03-01T10:57:00;4;Sentimos sua falta! Volte e ganhe 10% OFF.;;2025-03-01T10:00:00;oduarte;2025-03-01T10:00:00;oduarte
147;147;3;CANNOLI_STORE_01;WHATSAPP_INSTANCE_01;1289;555191229514;2025-03-01T10:00:00;2025-03-01T10:08:00;4;Sentimos sua falta! Volte e ganhe 10% OFF.;;2025-03-01T10:00:00;aliciasouza;2025-03-01T10:00:00;aliciasouza
148;148;3;CANNOLI_STORE_01;WHATSAPP_INSTANCE_01;266;2185985994;2025-03-01T10:00:00;2025-03-01T10:51:00;4;Sentimos sua falta! Volte e ganhe 10% OFF.;;2025-03-01T10:00:00;maria-laurapereira;2025-03-01T10:00:00;maria-laurapereira
149;149;3;CANNOLI_STORE_01;WHATSAPP_INSTANCE_01;778;5001797593;2025-03-01T10:00:00;2025-03-01T10:47:00;4;Sentimos sua falta! Volte e ganhe 10% OFF.;;2025-03-01T10:00:00;valentimfernandes;2025-03-01T10:00:00;valentimfernandes
150;150;3;CANNOLI_STORE_01;WHATSAPP_INSTANCE_01;779;6132997336;2025-03-01T10:00:00;2025-03-01T10:43:00;4;Sentimos sua falta! Volte e ganhe 10% OFF.;;2025-03-01T10:00:00;muriloguerra;2025-03-01T10:00:00;muriloguerra
151;151;3;CANNOLI_STORE_01;WHATSAPP_INSTANCE_01;1290;8138000918;2025-03-01T10:00:00;2025-03-01T10:39:00;4;Sentimos sua falta! Volte e ganhe 10% OFF.;;2025-03-01T10:00:00;ocassiano;2025-03-01T10:00:00;ocassiano
152;152;3;CANNOLI_STORE_01;WHATSAPP_INSTANCE_01;270;5507122171521;2025-03-01T10:00:00;2025-03-01T10:56:00;4;Sentimos sua falta! Volte e ganhe 10% OFF.;;2025-03-01T10:00:00;bento17;2025-03-01T10:00:00;bento17
153;153;3;CANNOLI_STORE_01;WHATSAPP_INSTANCE_01;1291;4135809226;2025-03-01T10:00:00;2025-03-01T10:10:00;4;Sentimos sua falta! Volte e ganhe 10% OFF.;;2025-03-01T10:00:00;pedro-lucas58;2025-03-01T10:00:00;pedro-lucas58
154;154;3;CANNOLI_STORE_01;WHATSAPP_INSTANCE_01;273;2105814485;2025-03-01T10:00:00;2025-03-01T10:16:00;4;Sentimos sua falta! Volte e ganhe 10% OFF.;;2025-03-01T10:00:00;lopesjuliana;2025-03-01T10:00:00;lopesjuliana
155;155;3;CANNOLI_STORE_01;WHATSAPP_INSTANCE_01;274;8008990922;2025-03-01T10:00:00;2025-03-01T10:01:00;4;Sentimos sua falta! Volte e ganhe 10% OFF.;;2025-03-01T10:00:00;eda-rocha;2025-03-01T10:00:00;eda-rocha
156;156;3;CANNOLI_STORE_01;WHATSAPP_INSTANCE_01;1297;558139847120;2025-03-01T10:00:00;2025-03-01T10:46:00;4;Sentimos sua falta! Volte e ganhe 10% OFF.;;2025-03-01T10:00:00;goncalvesryan;2025-03-01T10:00:00;goncalvesryan
157;157;3;CANNOLI_STORE_01;WHATSAPP_INSTANCE_01;1298;9004838686;2025-03-01T10:00:00;2025-03-01T10:43:00;4;Sentimos sua falta! Volte e ganhe 10% OFF.;;2025-03-01T10:00:00;apollo37;2025-03-01T10:00:00;apollo37
158;158;3;CANNOLI_STORE_01;WHATSAPP_INSTANCE_01;1299;1191372433;2025-03-01T10:00:00;2025-03-01T10:16:00;4;Sentimos sua falta! Volte e ganhe 10% OFF.;;2025-03-01T10:00:00;ryan40;2025-03-01T10:00:00;ryan40
159;159;3;CANNOLI_STORE_01;WHATSAPP_INSTANCE_01;1300;3184997289;2025-03-01T10:00:00;2025-03-01T10:11:00;4;Sentimos sua falta! Volte e ganhe 10% OFF.;;2025-03-01T10:00:00;hmendes;2025-03-01T10:00:00;hmendes
160;160;3;CANNOLI_STORE_01;WHATSAPP_INSTANCE_01;280;558459956892;2025-03-01T10:00:00;2025-03-01T10:58:00;4;Sentimos sua falta! Volte e ganhe 10% OFF.;;2025-03-01T10:00:00;joao-lucasfreitas;2025-03-01T10:00:00;joao-lucasfreitas
161;161;3;CANNOLI_STORE_01;WHATSAPP_INSTANCE_01;281;6163870935;2025-03-01T10:00:00;2025-03-01T10:14:00;4;Sentimos sua falta! Volte e ganhe 10% OFF.;;2025-03-01T10:00:00;rafaela90;2025-03-01T10:00:00;rafaela90
162;162;3;CANNOLI_STORE_01;WHATSAPP_INSTANCE_01;1308;551100213571;2025-03-01T10:00:00;2025-03-01T10:05:00;4;Sentimos sua falta! Volte e ganhe 10% OFF.;;2025-03-01T10:00:00;luiz-fernando38;2025-03-01T10:00:00;luiz-fernando38
163;163;3;CANNOLI_STORE_01;WHATSAPP_INSTANCE_01;797;5506189881548;2025-03-01T10:00:00;2025-03-01T10:16:00;4;Sentimos sua falta! Volte e ganhe 10% OFF.;;2025-03-01T10:00:00;emanuel81;2025-03-01T10:00:00;emanuel81
164;164;3;CANNOLI_STORE_01;WHATSAPP_INSTANCE_01;1311;2184163388;2025-03-01T10:00:00;2025-03-01T10:11:00;4;Sentimos sua falta! Volte e ganhe 10% OFF.;;2025-03-01T10:00:00;castrolavinia;2025-03-01T10:00:00;castrolavinia
165;165;3;CANNOLI_STORE_01;WHATSAPP_INSTANCE_01;800;555118261900;2025-03-01T10:00:00;2025-03-01T10:43:00;4;Sentimos sua falta! Volte e ganhe 10% OFF.;;2025-03-01T10:00:00;mcunha;2025-03-01T10:00:00;mcunha
166;166;3;CANNOLI_STORE_01;WHATSAPP_INSTANCE_01;1313;8000198920;2025-03-01T10:00:00;2025-03-01T10:37:00;4;Sentimos sua falta! Volte e ganhe 10% OFF.;;2025-03-01T10:00:00;brunonunes;2025-03-01T10:00:00;brunonunes
167;167;3;CANNOLI_STORE_01;WHATSAPP_INSTANCE_01;802;8160276128;2025-03-01T10:00:00;2025-03-01T10:33:00;4;Sentimos sua falta! Volte e ganhe 10% OFF.;;2025-03-01T10:00:00;isabela85;2025-03-01T10:00:00;isabela85
168;168;3;CANNOLI_STORE_01;WHATSAPP_INSTANCE_01;1314;551145093395;2025-03-01T10:00:00;2025-03-01T10:23:00;4;Sentimos sua falta! Volte e ganhe 10% OFF.;;2025-03-01T10:00:00;garcialara;2025-03-01T10:00:00;garcialara
169;169;3;CANNOLI_STORE_01;WHATSAPP_INSTANCE_01;804;6156679052;2025-03-01T10:00:00;2025-03-01T10:42:00;4;Sentimos sua falta! Volte e ganhe 10% OFF.;;2025-03-01T10:00:00;luiz-gustavo91;2025-03-01T10:00:00;luiz-gustavo91
170;170;3;CANNOLI_STORE_01;WHATSAPP_INSTANCE_01;1316;6163242903;2025-03-01T10:00:00;2025-03-01T10:35:00;4;Sentimos sua falta! Volte e ganhe 10% OFF.;;2025-03-01T10:00:00;alexandre85;2025-03-01T10:00:00;alexandre85
171;171;3;CANNOLI_STORE_01;WHATSAPP_INSTANCE_01;1317;5504106102137;2025-03-01T10:00:00;2025-03-01T10:54:00;4;Sentimos sua falta! Volte e ganhe 10% OFF.;;2025-03-01T10:00:00;eda-costa;2025-03-01T10:00:00;eda-costa
172;172;3;CANNOLI_STORE_01;WHATSAPP_INSTANCE_01;295;5152650551;2025-03-01T10:00:00;2025-03-01T10:31:00;4;Sentimos sua falta! Volte e ganhe 10% OFF.;;2025-03-01T10:00:00;henrique93;2025-03-01T10:00:00;henrique93
173;173;3;CANNOLI_STORE_01;WHATSAPP_INSTANCE_01;1319;5501134074599;2025-03-01T10:00:00;2025-03-01T10:32:00;4;Sentimos sua falta! Volte e ganhe 10% OFF.;;2025-03-01T10:00:00;iancosta;2025-03-01T10:00:00;iancosta
174;174;3;CANNOLI_STORE_01;WHATSAPP_INSTANCE_01;810;5190940034;2025-03-01T10:00:00;2025-03-01T10:40:00;4;Sentimos sua falta! Volte e ganhe 10% OFF.;;2025-03-01T10:00:00;icarvalho;2025-03-01T10:00:00;icarvalho
175;175;3;CANNOLI_STORE_01;WHATSAPP_INSTANCE_01;299;5507193184099;2025-03-01T10:00:00;2025-03-01T10:18:00;4;Sentimos sua falta! Volte e ganhe 10% OFF.;;2025-03-01T10:00:00;alexandrenogueira;2025-03-01T10:00:00;alexandrenogueira
176;176;3;CANNOLI_STORE_01;WHATSAPP_INSTANCE_01;306;5505103004465;2025-03-01T10:00:00;2025-03-01T10:22:00;4;Sentimos sua falta! Volte e ganhe 10% OFF.;;2025-03-01T10:00:00;joanamacedo;2025-03-01T10:00:00;joanamacedo
177;177;3;CANNOLI_STORE_01;WHATSAPP_INSTANCE_01;307;7154636194;2025-03-01T10:00:00;2025-03-01T10:59:00;4;Sentimos sua falta! Volte e ganhe 10% OFF.;;2025-03-01T10:00:00;costapedro-lucas;2025-03-01T10:00:00;costapedro-lucas
178;178;3;CANNOLI_STORE_01;WHATSAPP_INSTANCE_01;1330;1129732532;2025-03-01T10:00:00;2025-03-01T10:09:00;4;Sentimos sua falta! Volte e ganhe 10% OFF.;;2025-03-01T10:00:00;auroranascimento;2025-03-01T10:00:00;auroranascimento
179;179;3;CANNOLI_STORE_01;WHATSAPP_INSTANCE_01;1338;5009238772;2025-03-01T10:00:00;2025-03-01T10:36:00;4;Sentimos sua falta! Volte e ganhe 10% OFF.;;2025-03-01T10:00:00;malbuquerque;2025-03-01T10:00:00;malbuquerque
180;180;3;CANNOLI_STORE_01;WHATSAPP_INSTANCE_01;316;1114160124;2025-03-01T10:00:00;2025-03-01T10:35:00;4;Sentimos sua falta! Volte e ganhe 10% OFF.;;2025-03-01T10:00:00;rodrigoalmeida;2025-03-01T10:00:00;rodrigoalmeida
181;181;3;CANNOLI_STORE_01;WHATSAPP_INSTANCE_01;319;3193201905;2025-03-01T10:00:00;2025-03-01T10:12:00;4;Sentimos sua falta! Volte e ganhe 10% OFF.;;2025-03-01T10:00:00;caue96;2025-03-01T10:00:00;caue96
182;182;3;CANNOLI_STORE_01;WHATSAPP_INSTANCE_01;321;6174634404;2025-03-01T10:00:00;2025-03-01T10:38:00;4;Sentimos sua falta! Volte e ganhe 10% OFF.;;2025-03-01T10:00:00;nda-conceicao;2025-03-01T10:00:00;nda-conceicao
183;183;3;CANNOLI_STORE_01;WHATSAPP_INSTANCE_01;836;555101550567;2025-03-01T10:00:00;2025-03-01T10:42:00;4;Sentimos sua falta! Volte e ganhe 10% OFF.;;2025-03-01T10:00:00;carvalhomirella;2025-03-01T10:00:00;carvalhomirella
184;184;3;CANNOLI_STORE_01;WHATSAPP_INSTANCE_01;1349;5507176413455;2025-03-01T10:00:00;2025-03-01T10:50:00;4;Sentimos sua falta! Volte e ganhe 10% OFF.;;2025-03-01T10:00:00;nuneselisa;2025-03-01T10:00:00;nuneselisa
185;185;3;CANNOLI_STORE_01;WHATSAPP_INSTANCE_01;1352;1187222375;2025-03-01T10:00:00;2025-03-01T10:20:00;4;Sentimos sua falta! Volte e ganhe 10% OFF.;;2025-03-01T10:00:00;da-pazasafe;2025-03-01T10:00:00;da-pazasafe
186;186;3;CANNOLI_STORE_01;WHATSAPP_INSTANCE_01;339;556122515511;2025-03-01T10:00:00;2025-03-01T10:28:00;4;Sentimos sua falta! Volte e ganhe 10% OFF.;;2025-03-01T10:00:00;ferreirajoaquim;2025-03-01T10:00:00;ferreirajoaquim
187;187;3;CANNOLI_STORE_01;WHATSAPP_INSTANCE_01;857;5183309634;2025-03-01T10:00:00;2025-03-01T10:23:00;4;Sentimos sua falta! Volte e ganhe 10% OFF.;;2025-03-01T10:00:00;isaqueda-paz;2025-03-01T10:00:00;isaqueda-paz
188;188;3;CANNOLI_STORE_01;WHATSAPP_INSTANCE_01;1370;3137287592;2025-03-01T10:00:00;2025-03-01T10:04:00;4;Sentimos sua falta! Volte e ganhe 10% OFF.;;2025-03-01T10:00:00;ravi-luccada-conceicao;2025-03-01T10:00:00;ravi-luccada-conceicao
189;189;3;CANNOLI_STORE_01;WHATSAPP_INSTANCE_01;349;5503107206914;2025-03-01T10:00:00;2025-03-01T10:31:00;4;Sentimos sua falta! Volte e ganhe 10% OFF.;;2025-03-01T10:00:00;andrademaria-cecilia;2025-03-01T10:00:00;andrademaria-cecilia
190;190;3;CANNOLI_STORE_01;WHATSAPP_INSTANCE_01;862;5505131393762;2025-03-01T10:00:00;2025-03-01T10:22:00;4;Sentimos sua falta! Volte e ganhe 10% OFF.;;2025-03-01T10:00:00;henrique51;2025-03-01T10:00:00;henrique51
191;191;3;CANNOLI_STORE_01;WHATSAPP_INSTANCE_01;1374;3008793768;2025-03-01T10:00:00;2025-03-01T10:33:00;4;Sentimos sua falta! Volte e ganhe 10% OFF.;;2025-03-01T10:00:00;peixotolorenzo;2025-03-01T10:00:00;peixotolorenzo
192;192;3;CANNOLI_STORE_01;WHATSAPP_INSTANCE_01;352;5008318982;2025-03-01T10:00:00;2025-03-01T10:17:00;4;Sentimos sua falta! Volte e ganhe 10% OFF.;;2025-03-01T10:00:00;joao-gabriel90;2025-03-01T10:00:00;joao-gabriel90
193;193;3;CANNOLI_STORE_01;WHATSAPP_INSTANCE_01;867;5505119767095;2025-03-01T10:00:00;2025-03-01T10:38:00;4;Sentimos sua falta! Volte e ganhe 10% OFF.;;2025-03-01T10:00:00;lizferreira;2025-03-01T10:00:00;lizferreira
194;194;3;CANNOLI_STORE_01;WHATSAPP_INSTANCE_01;869;558418209208;2025-03-01T10:00:00;2025-03-01T10:14:00;4;Sentimos sua falta! Volte e ganhe 10% OFF.;;2025-03-01T10:00:00;amelo;2025-03-01T10:00:00;amelo
195;195;3;CANNOLI_STORE_01;WHATSAPP_INSTANCE_01;362;5167683303;2025-03-01T10:00:00;2025-03-01T10:44:00;4;Sentimos sua falta! Volte e ganhe 10% OFF.;;2025-03-01T10:00:00;elisamartins;2025-03-01T10:00:00;elisamartins
196;196;3;CANNOLI_STORE_01;WHATSAPP_INSTANCE_01;363;5198730117;2025-03-01T10:00:00;2025-03-01T10:42:00;4;Sentimos sua falta! Volte e ganhe 10% OFF.;;2025-03-01T10:00:00;nda-luz;2025-03-01T10:00:00;nda-luz
197;197;3;CANNOLI_STORE_01;WHATSAPP_INSTANCE_01;1391;2142488284;2025-03-01T10:00:00;2025-03-01T10:01:00;4;Sentimos sua falta! Volte e ganhe 10% OFF.;;2025-03-01T10:00:00;ogarcia;2025-03-01T10:00:00;ogarcia
198;198;3;CANNOLI_STORE_01;WHATSAPP_INSTANCE_01;1393;7164187420;2025-03-01T10:00:00;2025-03-01T10:22:00;4;Sentimos sua falta! Volte e ganhe 10% OFF.;;2025-03-01T10:00:00;esterrezende;2025-03-01T10:00:00;esterrezende
199;199;3;CANNOLI_STORE_01;WHATSAPP_INSTANCE_01;883;7120563331;2025-03-01T10:00:00;2025-03-01T10:31:00;4;Sentimos sua falta! Volte e ganhe 10% OFF.;;2025-03-01T10:00:00;anna-lizcamargo;2025-03-01T10:00:00;anna-lizcamargo
200;200;3;CANNOLI_STORE_01;WHATSAPP_INSTANCE_01;1397;557184792477;2025-03-01T10:00:00;2025-03-01T10:53:00;4;Sentimos sua falta! Volte e ganhe 10% OFF.;;2025-03-01T10:00:00;vargasmarcelo;2025-03-01T10:00:00;vargasmarcelo
201;201;3;CANNOLI_STORE_01;WHATSAPP_INSTANCE_01;887;2168928008;2025-03-01T10:00:00;2025-03-01T10:30:00;4;Sentimos sua falta! Volte e ganhe 10% OFF.;;2025-03-01T10:00:00;mcaldeira;2025-03-01T10:00:00;mcaldeira
202;202;3;CANNOLI_STORE_01;WHATSAPP_INSTANCE_01;888;557113161309;2025-03-01T10:00:00;2025-03-01T10:37:00;4;Sentimos sua falta! Volte e ganhe 10% OFF.;;2025-03-01T10:00:00;juliamoreira;2025-03-01T10:00:00;juliamoreira
203;203;3;CANNOLI_STORE_01;WHATSAPP_INSTANCE_01;1401;2140386820;2025-03-01T10:00:00;2025-03-01T10:33:00;4;Sentimos sua falta! Volte e ganhe 10% OFF.;;2025-03-01T10:00:00;joao-vitor20;2025-03-01T10:00:00;joao-vitor20
204;204;3;CANNOLI_STORE_01;WHATSAPP_INSTANCE_01;378;5501105422424;2025-03-01T10:00:00;2025-03-01T11:00:00;4;Sentimos sua falta! Volte e ganhe 10% OFF.;;2025-03-01T10:00:00;rodriguesagatha;2025-03-01T10:00:00;rodriguesagatha
205;205;3;CANNOLI_STORE_01;WHATSAPP_INSTANCE_01;1402;557185598421;2025-03-01T10:00:00;2025-03-01T10:02:00;4;Sentimos sua falta! Volte e ganhe 10% OFF.;;2025-03-01T10:00:00;otaviomacedo;2025-03-01T10:00:00;otaviomacedo
206;206;3;CANNOLI_STORE_01;WHATSAPP_INSTANCE_01;1403;3120549852;2025-03-01T10:00:00;2025-03-01T10:37:00;4;Sentimos sua falta! Volte e ganhe 10% OFF.;;2025-03-01T10:00:00;alexandrecunha;2025-03-01T10:00:00;alexandrecunha
207;207;3;CANNOLI_STORE_01;WHATSAPP_INSTANCE_01;1404;5508139946972;2025-03-01T10:00:00;2025-03-01T10:20:00;4;Sentimos sua falta! Volte e ganhe 10% OFF.;;2025-03-01T10:00:00;benjamimferreira;2025-03-01T10:00:00;benjamimferreira
208;208;3;CANNOLI_STORE_01;WHATSAPP_INSTANCE_01;894;556146180295;2025-03-01T10:00:00;2025-03-01T10:38:00;4;Sentimos sua falta! Volte e ganhe 10% OFF.;;2025-03-01T10:00:00;arthur-gabrielporto;2025-03-01T10:00:00;arthur-gabrielporto
209;209;3;CANNOLI_STORE_01;WHATSAPP_INSTANCE_01;383;555177987056;2025-03-01T10:00:00;2025-03-01T10:07:00;4;Sentimos sua falta! Volte e ganhe 10% OFF.;;2025-03-01T10:00:00;thiago35;2025-03-01T10:00:00;thiago35
210;210;3;CANNOLI_STORE_01;WHATSAPP_INSTANCE_01;896;5172943912;2025-03-01T10:00:00;2025-03-01T10:45:00;4;Sentimos sua falta! Volte e ganhe 10% OFF.;;2025-03-01T10:00:00;gabrielly16;2025-03-01T10:00:00;gabrielly16
211;211;3;CANNOLI_STORE_01;WHATSAPP_INSTANCE_01;1405;7174349967;2025-03-01T10:00:00;2025-03-01T10:54:00;4;Sentimos sua falta! Volte e ganhe 10% OFF.;;2025-03-01T10:00:00;luan61;2025-03-01T10:00:00;luan61
212;212;3;CANNOLI_STORE_01;WHATSAPP_INSTANCE_01;386;3134302805;2025-03-01T10:00:00;2025-03-01T10:56:00;4;Sentimos sua falta! Volte e ganhe 10% OFF.;;2025-03-01T10:00:00;maria-lizda-cruz;2025-03-01T10:00:00;maria-lizda-cruz
213;213;3;CANNOLI_STORE_01;WHATSAPP_INSTANCE_01;898;8147072734;2025-03-01T10:00:00;2025-03-01T10:01:00;4;Sentimos sua falta! Volte e ganhe 10% OFF.;;2025-03-01T10:00:00;fogacanoah;2025-03-01T10:00:00;fogacanoah
214;214;3;CANNOLI_STORE_01;WHATSAPP_INSTANCE_01;899;558193396241;2025-03-01T10:00:00;2025-03-01T10:04:00;4;Sentimos sua falta! Volte e ganhe 10% OFF.;;2025-03-01T10:00:00;vmonteiro;2025-03-01T10:00:00;vmonteiro
215;215;3;CANNOLI_STORE_01;WHATSAPP_INSTANCE_01;1406;5502176763345;2025-03-01T10:00:00;2025-03-01T10:22:00;4;Sentimos sua falta! Volte e ganhe 10% OFF.;;2025-03-01T10:00:00;danilonovais;2025-03-01T10:00:00;danilonovais
216;216;3;CANNOLI_STORE_01;WHATSAPP_INSTANCE_01;1413;8427286790;2025-03-01T10:00:00;2025-03-01T10:38:00;4;Sentimos sua falta! Volte e ganhe 10% OFF.;;2025-03-01T10:00:00;ribeirorafael;2025-03-01T10:00:00;ribeirorafael
217;217;3;CANNOLI_STORE_01;WHATSAPP_INSTANCE_01;398;1157982172;2025-03-01T10:00:00;2025-03-01T11:00:00;4;Sentimos sua falta! Volte e ganhe 10% OFF.;;2025-03-01T10:00:00;isis08;2025-03-01T10:00:00;isis08
218;218;3;CANNOLI_STORE_01;WHATSAPP_INSTANCE_01;400;551198641139;2025-03-01T10:00:00;2025-03-01T10:02:00;4;Sentimos sua falta! Volte e ganhe 10% OFF.;;2025-03-01T10:00:00;erocha;2025-03-01T10:00:00;erocha
219;219;3;CANNOLI_STORE_01;WHATSAPP_INSTANCE_01;401;4153529368;2025-03-01T10:00:00;2025-03-01T10:28:00;4;Sentimos sua falta! Volte e ganhe 10% OFF.;;2025-03-01T10:00:00;bruna51;2025-03-01T10:00:00;bruna51
220;220;3;CANNOLI_STORE_01;WHATSAPP_INSTANCE_01;912;4158737396;2025-03-01T10:00:00;2025-03-01T10:10:00;4;Sentimos sua falta! Volte e ganhe 10% OFF.;;2025-03-01T10:00:00;carolinaaparecida;2025-03-01T10:00:00;carolinaaparecida
221;221;3;CANNOLI_STORE_01;WHATSAPP_INSTANCE_01;1428;5502110985343;2025-03-01T10:00:00;2025-03-01T10:37:00;4;Sentimos sua falta! Volte e ganhe 10% OFF.;;2025-03-01T10:00:00;henrysousa;2025-03-01T10:00:00;henrysousa
222;222;3;CANNOLI_STORE_01;WHATSAPP_INSTANCE_01;405;5508120775614;2025-03-01T10:00:00;2025-03-01T10:39:00;4;Sentimos sua falta! Volte e ganhe 10% OFF.;;2025-03-01T10:00:00;brayan85;2025-03-01T10:00:00;brayan85
223;223;3;CANNOLI_STORE_01;WHATSAPP_INSTANCE_01;925;555150145080;2025-03-01T10:00:00;2025-03-01T10:51:00;4;Sentimos sua falta! Volte e ganhe 10% OFF.;;2025-03-01T10:00:00;gabriel86;2025-03-01T10:00:00;gabriel86
224;224;3;CANNOLI_STORE_01;WHATSAPP_INSTANCE_01;1438;5507154748930;2025-03-01T10:00:00;2025-03-01T10:52:00;4;Sentimos sua falta! Volte e ganhe 10% OFF.;;2025-03-01T10:00:00;melina35;2025-03-01T10:00:00;melina35
225;225;3;CANNOLI_STORE_01;WHATSAPP_INSTANCE_01;1439;553162217361;2025-03-01T10:00:00;2025-03-01T10:56:00;4;Sentimos sua falta! Volte e ganhe 10% OFF.;;2025-03-01T10:00:00;pintokaique;2025-03-01T10:00:00;pintokaique
226;226;3;CANNOLI_STORE_01;WHATSAPP_INSTANCE_01;416;3102533034;2025-03-01T10:00:00;2025-03-01T10:44:00;4;Sentimos sua falta! Volte e ganhe 10% OFF.;;2025-03-01T10:00:00;asafe37;2025-03-01T10:00:00;asafe37
227;227;3;CANNOLI_STORE_01;WHATSAPP_INSTANCE_01;1440;8462386636;2025-03-01T10:00:00;2025-03-01T10:10:00;4;Sentimos sua falta! Volte e ganhe 10% OFF.;;2025-03-01T10:00:00;ceciliadas-neves;2025-03-01T10:00:00;ceciliadas-neves
228;228;3;CANNOLI_STORE_01;WHATSAPP_INSTANCE_01;1442;551109729069;2025-03-01T10:00:00;2025-03-01T10:22:00;4;Sentimos sua falta! Volte e ganhe 10% OFF.;;2025-03-01T10:00:00;fernandesjoao;2025-03-01T10:00:00;fernandesjoao
229;229;3;CANNOLI_STORE_01;WHATSAPP_INSTANCE_01;1444;557128105553;2025-03-01T10:00:00;2025-03-01T10:29:00;4;Sentimos sua falta! Volte e ganhe 10% OFF.;;2025-03-01T10:00:00;vitor-hugo31;2025-03-01T10:00:00;vitor-hugo31
230;230;3;CANNOLI_STORE_01;WHATSAPP_INSTANCE_01;422;556166058639;2025-03-01T10:00:00;2025-03-01T10:53:00;4;Sentimos sua falta! Volte e ganhe 10% OFF.;;2025-03-01T10:00:00;paulocavalcanti;2025-03-01T10:00:00;paulocavalcanti
231;231;3;CANNOLI_STORE_01;WHATSAPP_INSTANCE_01;423;5507121645790;2025-03-01T10:00:00;2025-03-01T10:05:00;4;Sentimos sua falta! Volte e ganhe 10% OFF.;;2025-03-01T10:00:00;fmoraes;2025-03-01T10:00:00;fmoraes
232;232;3;CANNOLI_STORE_01;WHATSAPP_INSTANCE_01;424;8427397461;2025-03-01T10:00:00;2025-03-01T10:15:00;4;Sentimos sua falta! Volte e ganhe 10% OFF.;;2025-03-01T10:00:00;goncalvesfelipe;2025-03-01T10:00:00;goncalvesfelipe
233;233;3;CANNOLI_STORE_01;WHATSAPP_INSTANCE_01;940;5507157039921;2025-03-01T10:00:00;2025-03-01T10:12:00;4;Sentimos sua falta! Volte e ganhe 10% OFF.;;2025-03-01T10:00:00;natalia94;2025-03-01T10:00:00;natalia94
234;234;3;CANNOLI_STORE_01;WHATSAPP_INSTANCE_01;1456;1139078488;2025-03-01T10:00:00;2025-03-01T10:43:00;4;Sentimos sua falta! Volte e ganhe 10% OFF.;;2025-03-01T10:00:00;yagoda-rocha;2025-03-01T10:00:00;yagoda-rocha
235;235;3;CANNOLI_STORE_01;WHATSAPP_INSTANCE_01;948;5508196786304;2025-03-01T10:00:00;2025-03-01T10:45:00;4;Sentimos sua falta! Volte e ganhe 10% OFF.;;2025-03-01T10:00:00;hcassiano;2025-03-01T10:00:00;hcassiano
236;236;3;CANNOLI_STORE_01;WHATSAPP_INSTANCE_01;1460;3129712842;2025-03-01T10:00:00;2025-03-01T10:46:00;4;Sentimos sua falta! Volte e ganhe 10% OFF.;;2025-03-01T10:00:00;da-cruzantonio;2025-03-01T10:00:00;da-cruzantonio
237;237;3;CANNOLI_STORE_01;WHATSAPP_INSTANCE_01;1462;553139518484;2025-03-01T10:00:00;2025-03-01T10:16:00;4;Sentimos sua falta! Volte e ganhe 10% OFF.;;2025-03-01T10:00:00;da-rochaluiz-miguel;2025-03-01T10:00:00;da-rochaluiz-miguel
238;238;3;CANNOLI_STORE_01;WHATSAPP_INSTANCE_01;1465;5009835595;2025-03-01T10:00:00;2025-03-01T10:50:00;4;Sentimos sua falta! Volte e ganhe 10% OFF.;;2025-03-01T10:00:00;emanuellapimenta;2025-03-01T10:00:00;emanuellapimenta
239;239;3;CANNOLI_STORE_01;WHATSAPP_INSTANCE_01;955;4186831648;2025-03-01T10:00:00;2025-03-01T10:02:00;4;Sentimos sua falta! Volte e ganhe 10% OFF.;;2025-03-01T10:00:00;tmartins;2025-03-01T10:00:00;tmartins
240;240;3;CANNOLI_STORE_01;WHATSAPP_INSTANCE_01;957;3110965369;2025-03-01T10:00:00;2025-03-01T10:01:00;4;Sentimos sua falta! Volte e ganhe 10% OFF.;;2025-03-01T10:00:00;souzavalentim;2025-03-01T10:00:00;souzavalentim
241;241;3;CANNOLI_STORE_01;WHATSAPP_INSTANCE_01;1472;7133227493;2025-03-01T10:00:00;2025-03-01T10:38:00;4;Sentimos sua falta! Volte e ganhe 10% OFF.;;2025-03-01T10:00:00;joaquimvargas;2025-03-01T10:00:00;joaquimvargas
242;242;3;CANNOLI_STORE_01;WHATSAPP_INSTANCE_01;451;7106949851;2025-03-01T10:00:00;2025-03-01T10:29:00;4;Sentimos sua falta! Volte e ganhe 10% OFF.;;2025-03-01T10:00:00;ana-lizrios;2025-03-01T10:00:00;ana-lizrios
243;243;3;CANNOLI_STORE_01;WHATSAPP_INSTANCE_01;968;5170552785;2025-03-01T10:00:00;2025-03-01T10:46:00;4;Sentimos sua falta! Volte e ganhe 10% OFF.;;2025-03-01T10:00:00;portolucas-gabriel;2025-03-01T10:00:00;portolucas-gabriel
244;244;3;CANNOLI_STORE_01;WHATSAPP_INSTANCE_01;457;5508474447184;2025-03-01T10:00:00;2025-03-01T10:50:00;4;Sentimos sua falta! Volte e ganhe 10% OFF.;;2025-03-01T10:00:00;juan31;2025-03-01T10:00:00;juan31
245;245;3;CANNOLI_STORE_01;WHATSAPP_INSTANCE_01;458;555125445113;2025-03-01T10:00:00;2025-03-01T10:47:00;4;Sentimos sua falta! Volte e ganhe 10% OFF.;;2025-03-01T10:00:00;bryan67;2025-03-01T10:00:00;bryan67
246;246;3;CANNOLI_STORE_01;WHATSAPP_INSTANCE_01;969;4176963588;2025-03-01T10:00:00;2025-03-01T10:49:00;4;Sentimos sua falta! Volte e ganhe 10% OFF.;;2025-03-01T10:00:00;britoaurora;2025-03-01T10:00:00;britoaurora
247;247;3;CANNOLI_STORE_01;WHATSAPP_INSTANCE_01;1482;5502170386726;2025-03-01T10:00:00;2025-03-01T10:35:00;4;Sentimos sua falta! Volte e ganhe 10% OFF.;;2025-03-01T10:00:00;allana37;2025-03-01T10:00:00;allana37
248;248;3;CANNOLI_STORE_01;WHATSAPP_INSTANCE_01;461;5503178863471;2025-03-01T10:00:00;2025-03-01T10:53:00;4;Sentimos sua falta! Volte e ganhe 10% OFF.;;2025-03-01T10:00:00;xduarte;2025-03-01T10:00:00;xduarte
249;249;3;CANNOLI_STORE_01;WHATSAPP_INSTANCE_01;465;5177000194;2025-03-01T10:00:00;2025-03-01T10:08:00;4;Sentimos sua falta! Volte e ganhe 10% OFF.;;2025-03-01T10:00:00;albuquerqueana-carolina;2025-03-01T10:00:00;albuquerqueana-carolina
250;250;3;CANNOLI_STORE_01;WHATSAPP_INSTANCE_01;468;551179598363;2025-03-01T10:00:00;2025-03-01T10:33:00;4;Sentimos sua falta! Volte e ganhe 10% OFF.;;2025-03-01T10:00:00;ferreiradavi;2025-03-01T10:00:00;ferreiradavi
251;251;3;CANNOLI_STORE_01;WHATSAPP_INSTANCE_01;981;6198280657;2025-03-01T10:00:00;2025-03-01T10:14:00;4;Sentimos sua falta! Volte e ganhe 10% OFF.;;2025-03-01T10:00:00;macedoeloah;2025-03-01T10:00:00;macedoeloah
252;252;3;CANNOLI_STORE_01;WHATSAPP_INSTANCE_01;1495;5508109286746;2025-03-01T10:00:00;2025-03-01T10:13:00;4;Sentimos sua falta! Volte e ganhe 10% OFF.;;2025-03-01T10:00:00;hadassamarques;2025-03-01T10:00:00;hadassamarques
253;253;3;CANNOLI_STORE_01;WHATSAPP_INSTANCE_01;475;5505170653032;2025-03-01T10:00:00;2025-03-01T10:22:00;4;Sentimos sua falta! Volte e ganhe 10% OFF.;;2025-03-01T10:00:00;carvalhohellena;2025-03-01T10:00:00;carvalhohellena
254;254;3;CANNOLI_STORE_01;WHATSAPP_INSTANCE_01;477;4163202321;2025-03-01T10:00:00;2025-03-01T10:24:00;4;Sentimos sua falta! Volte e ganhe 10% OFF.;;2025-03-01T10:00:00;luiz-miguel54;2025-03-01T10:00:00;luiz-miguel54
255;255;3;CANNOLI_STORE_01;WHATSAPP_INSTANCE_01;990;4187750095;2025-03-01T10:00:00;2025-03-01T10:55:00;4;Sentimos sua falta! Volte e ganhe 10% OFF.;;2025-03-01T10:00:00;fernandesluisa;2025-03-01T10:00:00;fernandesluisa
256;256;3;CANNOLI_STORE_01;WHATSAPP_INSTANCE_01;480;7120967954;2025-03-01T10:00:00;2025-03-01T10:54:00;4;Sentimos sua falta! Volte e ganhe 10% OFF.;;2025-03-01T10:00:00;pastorgabrielly;2025-03-01T10:00:00;pastorgabrielly
257;257;3;CANNOLI_STORE_01;WHATSAPP_INSTANCE_01;992;9000538769;2025-03-01T10:00:00;2025-03-01T10:28:00;4;Sentimos sua falta! Volte e ganhe 10% OFF.;;2025-03-01T10:00:00;barrosvalentim;2025-03-01T10:00:00;barrosvalentim
258;258;3;CANNOLI_STORE_01;WHATSAPP_INSTANCE_01;482;5504156683055;2025-03-01T10:00:00;2025-03-01T10:34:00;4;Sentimos sua falta! Volte e ganhe 10% OFF.;;2025-03-01T10:00:00;da-motamaria-liz;2025-03-01T10:00:00;da-motamaria-liz
259;259;3;CANNOLI_STORE_01;WHATSAPP_INSTANCE_01;486;5503114155622;2025-03-01T10:00:00;2025-03-01T10:10:00;4;Sentimos sua falta! Volte e ganhe 10% OFF.;;2025-03-01T10:00:00;sramos;2025-03-01T10:00:00;sramos
260;260;3;CANNOLI_STORE_01;WHATSAPP_INSTANCE_01;1008;553129125537;2025-03-01T10:00:00;2025-03-01T10:45:00;4;Sentimos sua falta! Volte e ganhe 10% OFF.;;2025-03-01T10:00:00;galbuquerque;2025-03-01T10:00:00;galbuquerque
261;261;3;CANNOLI_STORE_01;WHATSAPP_INSTANCE_01;1010;9007412478;2025-03-01T10:00:00;2025-03-01T10:59:00;4;Sentimos sua falta! Volte e ganhe 10% OFF.;;2025-03-01T10:00:00;nina70;2025-03-01T10:00:00;nina70
262;262;3;CANNOLI_STORE_01;WHATSAPP_INSTANCE_01;499;5505141582971;2025-03-01T10:00:00;2025-03-01T10:42:00;4;Sentimos sua falta! Volte e ganhe 10% OFF.;;2025-03-01T10:00:00;maria-vitoriapacheco;2025-03-01T10:00:00;maria-vitoriapacheco
263;263;3;CANNOLI_STORE_01;WHATSAPP_INSTANCE_01;502;1181332336;2025-03-01T10:00:00;2025-03-01T10:33:00;4;Sentimos sua falta! Volte e ganhe 10% OFF.;;2025-03-01T10:00:00;diasmaria-clara;2025-03-01T10:00:00;diasmaria-clara
264;264;3;CANNOLI_STORE_01;WHATSAPP_INSTANCE_01;1016;5506105570278;2025-03-01T10:00:00;2025-03-01T10:21:00;4;Sentimos sua falta! Volte e ganhe 10% OFF.;;2025-03-01T10:00:00;nina87;2025-03-01T10:00:00;nina87
265;265;3;CANNOLI_STORE_01;WHATSAPP_INSTANCE_01;1019;556163199234;2025-03-01T10:00:00;2025-03-01T10:13:00;4;Sentimos sua falta! Volte e ganhe 10% OFF.;;2025-03-01T10:00:00;bernardo26;2025-03-01T10:00:00;bernardo26
266;266;3;CANNOLI_STORE_01;WHATSAPP_INSTANCE_01;1023;2196452588;2025-03-01T10:00:00;2025-03-01T10:22:00;4;Sentimos sua falta! Volte e ganhe 10% OFF.;;2025-03-01T10:00:00;imendes;2025-03-01T10:00:00;imendes
